ID,Name,Category,Subcollection,Collection_Line,Era,Status,Price,Material,Main_Image,Hover_Image,Extra_Views,Type,Color,Fit,Weight,Season,Technique,Motif,Story
paint-03,Printemps Rose,paintings,,paintings,,available,ENTER PRICE HERE,Mixed media on canvas,images/paintings/paint-03-view-1.jpg,,,Painting,Pink,,,,Hand-painted,Floral,
paint-04,Soleil,paintings,,paintings,,available,ENTER PRICE HERE,Mixed media on canvas,images/paintings/paint-04-view-1.jpg,,,Painting,,,,,Hand-painted,,
paint-11,Brasier,paintings,,paintings,,available,ENTER PRICE HERE,Mixed media on canvas,images/paintings/paint-11-view-1.jpg,,,Painting,,,,,Hand-painted,,
paint-12,Jardin Émeraude,paintings,,paintings,,available,ENTER PRICE HERE,Mixed media on canvas,images/paintings/paint-12-view-1.jpg,,,Painting,Green,,,,Hand-painted,Floral,
paint-13,Roses Ambrées,paintings,,paintings,,available,ENTER PRICE HERE,Mixed media on canvas,images/paintings/paint-13-view-1.jpg,,,Painting,Gold,,,,Hand-painted,Floral,
plo-01,Pomegranate I,pillows,,pillows,,available,ENTER PRICE HERE,Hand-painted · Hand-embroidered linen,images/plo/plo-01-view-1.jpeg,images/plo/plo-01-view-2.jpeg,images/plo/plo-01-view-3.jpeg,Pillow,Red,,,,Hand-painted,,
plo-03,Fig & Honey,pillows,,pillows,,available,ENTER PRICE HERE,Hand-painted · Hand-embroidered linen,images/plo/plo-03-view-1.jpeg,images/plo/plo-03-view-2.jpeg,images/plo/plo-03-view-3.jpeg,Pillow,Red,,,,Hand-painted,,
plo-04,Quince,pillows,,pillows,,available,ENTER PRICE HERE,Hand-painted · Hand-embroidered linen,images/plo/plo-04-view-1.jpeg,,,Pillow,Multicolor,,,,Hand-painted,,
plo-05,Persimmon,pillows,,pillows,,available,ENTER PRICE HERE,Hand-painted · Hand-embroidered linen,images/plo/plo-05-view-1.jpeg,,,Pillow,Multicolor,,,,Hand-painted,,
plo-06,Apricot Moon,pillows,,pillows,,available,ENTER PRICE HERE,Hand-painted · Hand-embroidered linen,images/plo/plo-06-view-1.jpeg,,,Pillow,Orange,,,,Hand-painted,,
plo-07,Mulberry,pillows,,pillows,,available,ENTER PRICE HERE,Hand-painted · Hand-embroidered linen,images/plo/plo-07-view-1.jpeg,,,Pillow,Grey,,,,Hand-painted,,
plo-08,Orbit,pillows,,pillows,,available,ENTER PRICE HERE,Hand-painted,images/plo/plo-08-view-1.jpeg,,,Pillow,Black,,,,Hand-painted,,
plo-09,Regard Bleu,pillows,,pillows,,available,ENTER PRICE HERE,Hand-painted,images/plo/plo-09-view-1.jpeg,,,Pillow,Blue,,,,Hand-painted,,
plo-10,Terracotta,pillows,,pillows,,available,ENTER PRICE HERE,Hand-painted,images/plo/plo-10-view-1.jpeg,,,Pillow,Brown,,,,Hand-painted,,
paint-14,Mille Fleurs,paintings,,,,available,,,images/paintings/paint-14-view-1.jpg,,,,Multicolor,,,,,Floral,
plo-11,Peony Sunset,pillows,,pillows,,available,ENTER PRICE HERE,Hand-painted,images/plo/plo-13-view-1.jpg,images/plo/plo-12-view-1.jpg,images/plo/plo-11-view-1.jpg|images/plo/plo-12-view-1.jpg,Pillow,,,,,Hand-painted,,
plo-14,Cosmic Garden,pillows,,pillows,,available,ENTER PRICE HERE,Hand-painted,images/plo/plo-15-view-1.jpg,images/plo/plo-15-view-1.jpg,images/plo/plo-14-view-1.jpg|images/plo/plo-16-view-1.jpg,Pillow,,,,,Hand-painted,,
plo-17,Pink Bloom,pillows,,pillows,,available,ENTER PRICE HERE,Hand-painted,images/plo/plo-18-view-1.jpg,images/plo/plo-18-view-1.jpg,images/plo/plo-17-view-1.jpg|images/plo/plo-19-view-1.jpg|images/plo/plo-20-view-1.jpg,Pillow,,,,,Hand-painted,,
plo-26,Midnight Waves,pillows,,pillows,,available,ENTER PRICE HERE,Hand-painted,images/plo/plo-27-view-1.jpg,images/plo/plo-27-view-1.jpg,images/plo/plo-26-view-1.jpg|images/plo/plo-28-view-1.jpg,Pillow,,,,,Hand-painted,,
plo-29,Pomegranate Gold,pillows,,pillows,,available,ENTER PRICE HERE,Hand-painted,images/plo/plo-29-view-1.jpg,images/plo/plo-30-view-1.jpg,images/plo/plo-30-view-1.jpg|images/plo/plo-31-view-1.jpg,Pillow,,,,,Hand-painted,,
plo-32,Silver Spiral,pillows,,pillows,,available,ENTER PRICE HERE,Hand-painted,images/plo/plo-32-view-1.jpg,,,Pillow,,,,,Hand-painted,,
plo-33,Earth Song,pillows,,pillows,,available,ENTER PRICE HERE,Hand-painted,images/plo/plo-33-view-1.jpg,,,Pillow,,,,,Hand-painted,,
plo-34,Crimson Rings,pillows,,pillows,,available,ENTER PRICE HERE,Hand-painted,images/plo/plo-34-view-1.jpg,,,Pillow,,,,,Hand-painted,,
plo-35,Nocturnal Blooms,pillows,,pillows,,available,ENTER PRICE HERE,Hand-painted,images/plo/plo-35-view-1.jpg,,,Pillow,,,,,Hand-painted,,
plo-36,Monochrome Garden,pillows,,pillows,,available,ENTER PRICE HERE,Hand-painted,images/plo/plo-36-view-1.jpg,,,Pillow,,,,,Hand-painted,,
plo-37,Blue Flame,pillows,,pillows,,available,ENTER PRICE HERE,Hand-painted,images/plo/plo-37-view-1.jpg,,,Pillow,,,,,Hand-painted,,
plo-38,Indigo Orbit,pillows,,pillows,,available,ENTER PRICE HERE,Hand-painted,images/plo/plo-38-view-1.jpg,,,Pillow,,,,,Hand-painted,,
plo-39,Golden Loops,pillows,,pillows,,available,ENTER PRICE HERE,Hand-painted,images/plo/plo-39-view-1.jpg,,,Pillow,,,,,Hand-painted,,
plo-40,Cerulean Eye,pillows,,pillows,,available,ENTER PRICE HERE,Hand-painted,images/plo/plo-40-view-1.jpg,,,Pillow,,,,,Hand-painted,,
plo-41,Winter Forest,pillows,,pillows,,available,ENTER PRICE HERE,Hand-painted,images/plo/plo-41-view-1.jpg,,images/plo/plo-42-view-1.jpg,Pillow,,,,,Hand-painted,,
plo-43,Confetti Dots,pillows,,pillows,,available,ENTER PRICE HERE,Hand-painted,images/plo/plo-43-view-1.jpg,,,Pillow,,,,,Hand-painted,,
plo-44,Abstract Eye,pillows,,pillows,,available,ENTER PRICE HERE,Hand-painted,images/plo/plo-44-view-1.jpg,,,Pillow,,,,,Hand-painted,,
plo-45,Ink Strokes,pillows,,pillows,,available,ENTER PRICE HERE,Hand-painted,images/plo/plo-45-view-1.jpg,,,Pillow,,,,,Hand-painted,,
plo-46,Watching Eye,pillows,,pillows,,available,ENTER PRICE HERE,Hand-painted,images/plo/plo-46-view-1.jpg,,,Pillow,,,,,Hand-painted,,
plo-47,Lime Spiral,pillows,,pillows,,available,ENTER PRICE HERE,Hand-painted,images/plo/plo-47-view-1.jpg,,,Pillow,,,,,Hand-painted,,
plo-48,Tangerine Target,pillows,,pillows,,available,ENTER PRICE HERE,Hand-painted,images/plo/plo-48-view-1.jpg,,,Pillow,,,,,Hand-painted,,
plo-49,Ink Swirl,pillows,,pillows,,available,ENTER PRICE HERE,Hand-painted,images/plo/plo-49-view-1.jpg,,,Pillow,,,,,Hand-painted,,
plo-50,White Spiral,pillows,,pillows,,available,ENTER PRICE HERE,Hand-painted,images/plo/plo-50-view-1.jpg,,,Pillow,,,,,Hand-painted,,
plo-51,Rose Lines,pillows,,pillows,,available,ENTER PRICE HERE,Hand-painted,images/plo/plo-51-view-1.jpg,,,Pillow,,,,,Hand-painted,,
plo-52,Crimson Circle,pillows,,pillows,,available,ENTER PRICE HERE,Hand-painted,images/plo/plo-52-view-1.jpg,,,Pillow,,,,,Hand-painted,,
plo-53,Blue Glyph,pillows,,pillows,,available,ENTER PRICE HERE,Hand-painted,images/plo/plo-53-view-1.jpg,,,Pillow,,,,,Hand-painted,,
plo-54,Charcoal Loop,pillows,,pillows,,available,ENTER PRICE HERE,Hand-painted,images/plo/plo-54-view-1.jpg,,,Pillow,,,,,Hand-painted,,
plo-55,Grey Orbit,pillows,,pillows,,available,ENTER PRICE HERE,Hand-painted,images/plo/plo-55-view-1.jpg,,,Pillow,,,,,Hand-painted,,
plo-56,Zen Circle,pillows,,pillows,,available,ENTER PRICE HERE,Hand-painted,images/plo/plo-56-view-1.jpg,,,Pillow,,,,,Hand-painted,,
plo-57,Earth Spiral,pillows,,pillows,,available,ENTER PRICE HERE,Hand-painted,images/plo/plo-57-view-1.jpg,,,Pillow,,,,,Hand-painted,,
plo-58,Sienna Marks,pillows,,pillows,,available,ENTER PRICE HERE,Hand-painted,images/plo/plo-58-view-1.jpg,,,Pillow,,,,,Hand-painted,,
plo-59,Candy Dots,pillows,,pillows,,available,ENTER PRICE HERE,Hand-painted,images/plo/plo-59-view-1.jpg,,,Pillow,,,,,Hand-painted,,
plo-60,Pastille Dots,pillows,,pillows,,available,ENTER PRICE HERE,Hand-painted,images/plo/plo-60-view-1.jpg,,,Pillow,,,,,Hand-painted,,
plo-61,Fire Lines,pillows,,pillows,,available,ENTER PRICE HERE,Hand-painted,images/plo/plo-61-view-1.jpg,,,Pillow,,,,,Hand-painted,,
plo-62,Solar Eclipse,pillows,,pillows,,available,ENTER PRICE HERE,Hand-painted,images/plo/plo-62-view-1.jpg,,,Pillow,,,,,Hand-painted,,
plo-63,Tribal Marks,pillows,,pillows,,available,ENTER PRICE HERE,Hand-painted,images/plo/plo-63-view-1.jpg,,,Pillow,,,,,Hand-painted,,
plo-64,Pink Entanglement,pillows,,pillows,,available,ENTER PRICE HERE,Hand-painted,images/plo/plo-64-view-1.jpg,,,Pillow,,,,,Hand-painted,,
plo-65,Charcoal Weave,pillows,,pillows,,available,ENTER PRICE HERE,Hand-painted,images/plo/plo-65-view-1.jpg,,,Pillow,,,,,Hand-painted,,
plo-66,Amber Dance,pillows,,pillows,,available,ENTER PRICE HERE,Hand-painted,images/plo/plo-66-view-1.jpg,,,Pillow,,,,,Hand-painted,,
plo-67,Bubble Garden,pillows,,pillows,,available,ENTER PRICE HERE,Hand-painted,images/plo/plo-67-view-1.jpg,,,Pillow,,,,,Hand-painted,,
plo-68,Olive Circles,pillows,,pillows,,available,ENTER PRICE HERE,Hand-painted,images/plo/plo-68-view-1.jpg,,,Pillow,,,,,Hand-painted,,
plo-69,Crimson Bloom,pillows,,pillows,,available,ENTER PRICE HERE,Hand-painted,images/plo/plo-69-view-1.jpg,,,Pillow,,,,,Hand-painted,,
plo-70,Citrus Burst,pillows,,pillows,,available,ENTER PRICE HERE,Hand-painted,images/plo/plo-70-view-1.jpg,,,Pillow,,,,,Hand-painted,,
plo-71,Pomegranate Red,pillows,,pillows,,available,ENTER PRICE HERE,Hand-painted,images/plo/plo-71-view-1.jpg,,,Pillow,,,,,Hand-painted,,
plo-72,Golden Fruit,pillows,,pillows,,available,ENTER PRICE HERE,Hand-painted,images/plo/plo-72-view-1.jpg,,,Pillow,,,,,Hand-painted,,
plo-73,Amber Column,pillows,,pillows,,available,ENTER PRICE HERE,Hand-painted,images/plo/plo-73-view-1.jpg,,,Pillow,,,,,Hand-painted,,
plo-74,Rainbow Flow,pillows,,pillows,,available,ENTER PRICE HERE,Hand-painted,images/plo/plo-74-view-1.jpg,,,Pillow,,,,,Hand-painted,,
plo-75,Winter Branches,pillows,,pillows,,available,ENTER PRICE HERE,Hand-painted,images/plo/plo-75-view-1.jpg,,,Pillow,,,,,Hand-painted,,
plo-76,Red Currents,pillows,,pillows,,available,ENTER PRICE HERE,Hand-painted,images/plo/plo-76-view-1.jpg,,,Pillow,,,,,Hand-painted,,
plo-77,Confetti Garden,pillows,,pillows,,available,ENTER PRICE HERE,Hand-painted,images/plo/plo-77-view-1.jpg,,,Pillow,,,,,Hand-painted,,
plo-78,Tulip Field,pillows,,pillows,,available,ENTER PRICE HERE,Hand-painted,images/plo/plo-78-view-1.jpg,,,Pillow,,,,,Hand-painted,,
plo-79,Aqua Splash,pillows,,pillows,,available,ENTER PRICE HERE,Hand-painted,images/plo/plo-79-view-1.jpg,,,Pillow,,,,,Hand-painted,,
plo-80,Blue Splash,pillows,,pillows,,available,ENTER PRICE HERE,Hand-painted,images/plo/plo-80-view-1.jpg,,,Pillow,,,,,Hand-painted,,
plo-81,Sunbeam,pillows,,pillows,,available,ENTER PRICE HERE,Hand-painted,images/plo/plo-81-view-1.jpg,,,Pillow,,,,,Hand-painted,,
plo-82,Pink Whisper,pillows,,pillows,,available,ENTER PRICE HERE,Hand-painted,images/plo/plo-82-view-1.jpg,,,Pillow,,,,,Hand-painted,,
plo-83,Tulip Garden,pillows,,pillows,,available,ENTER PRICE HERE,Hand-painted,images/plo/plo-83-view-1.jpg,,,Pillow,,,,,Hand-painted,,
plo-84,Spring Bouquet,pillows,,pillows,,available,ENTER PRICE HERE,Hand-painted,images/plo/plo-84-view-1.jpg,,,Pillow,,,,,Hand-painted,,
plo-85,Red Fire,pillows,,pillows,,available,ENTER PRICE HERE,Hand-painted,images/plo/plo-85-view-1.jpg,,,Pillow,,,,,Hand-painted,,
plo-86,Mosaic Garden,pillows,,pillows,,available,ENTER PRICE HERE,Hand-painted,images/plo/plo-86-view-1.jpg,,,Pillow,,,,,Hand-painted,,
plo-87,Meadow,pillows,,pillows,,available,ENTER PRICE HERE,Hand-painted,images/plo/plo-87-view-1.jpg,,,Pillow,,,,,Hand-painted,,
plo-88,Citrus Circles,pillows,,pillows,,available,ENTER PRICE HERE,Hand-painted,images/plo/plo-88-view-1.jpg,,,Pillow,,,,,Hand-painted,,
plo-89,Polka Sun,pillows,,pillows,,available,ENTER PRICE HERE,Hand-painted,images/plo/plo-89-view-1.jpg,,,Pillow,,,,,Hand-painted,,
plo-90,Orange Grid,pillows,,pillows,,available,ENTER PRICE HERE,Hand-painted,images/plo/plo-90-view-1.jpg,,,Pillow,,,,,Hand-painted,,
plo-91,Autumn Weave,pillows,,pillows,,available,ENTER PRICE HERE,Hand-painted,images/plo/plo-91-view-1.jpg,,images/plo/plo-92-view-1.jpg,Pillow,,,,,Hand-painted,,
plo-93,Pastel Bloom,pillows,,pillows,,available,ENTER PRICE HERE,Hand-painted,images/plo/plo-93-view-1.jpg,,,Pillow,,,,,Hand-painted,,
plo-94,Coral Bloom,pillows,,pillows,,available,ENTER PRICE HERE,Hand-painted,images/plo/plo-94-view-1.jpg,,,Pillow,,,,,Hand-painted,,
plo-95,Ocean Mist,pillows,,pillows,,available,ENTER PRICE HERE,Hand-painted,images/plo/plo-95-view-1.jpg,,,Pillow,,,,,Hand-painted,,
plo-96,Pink Marble,pillows,,pillows,,available,ENTER PRICE HERE,Hand-painted,images/plo/plo-96-view-1.jpg,,,Pillow,,,,,Hand-painted,,
plo-97,Flower Patch,pillows,,pillows,,available,ENTER PRICE HERE,Hand-painted,images/plo/plo-97-view-1.jpg,,,Pillow,,,,,Hand-painted,,
plo-98,Garden Party,pillows,,pillows,,available,ENTER PRICE HERE,Hand-painted,images/plo/plo-98-view-1.jpg,,,Pillow,,,,,Hand-painted,,
plo-99,Persian Bloom,pillows,,pillows,,available,ENTER PRICE HERE,Hand-painted,images/plo/plo-99-view-1.jpg,,,Pillow,,,,,Hand-painted,,
plo-100,Rose Mandala,pillows,,pillows,,available,ENTER PRICE HERE,Hand-painted,images/plo/plo-100-view-1.jpg,,,Pillow,,,,,Hand-painted,,
plo-101,Abstract Bloom,pillows,,pillows,,available,ENTER PRICE HERE,Hand-painted,images/plo/plo-101-view-1.jpg,,,Pillow,,,,,Hand-painted,,
plo-102,Wild Garden,pillows,,pillows,,available,ENTER PRICE HERE,Hand-painted,images/plo/plo-102-view-1.jpg,,,Pillow,,,,,Hand-painted,,
plo-103,Spring Medley,pillows,,pillows,,available,ENTER PRICE HERE,Hand-painted,images/plo/plo-103-view-1.jpg,,,Pillow,,,,,Hand-painted,,
plo-104,Pink Patchwork,pillows,,pillows,,available,ENTER PRICE HERE,Hand-painted,images/plo/plo-104-view-1.jpg,,,Pillow,,,,,Hand-painted,,
plo-105,Green Wave,pillows,,pillows,,available,ENTER PRICE HERE,Hand-painted,images/plo/plo-105-view-1.jpg,,,Pillow,,,,,Hand-painted,,
plo-106,Pink Galaxy,pillows,,pillows,,available,ENTER PRICE HERE,Hand-painted,images/plo/plo-106-view-1.jpg,,,Pillow,,,,,Hand-painted,,
plo-107,Sunspot,pillows,,pillows,,available,ENTER PRICE HERE,Hand-painted,images/plo/plo-107-view-1.jpg,,,Pillow,,,,,Hand-painted,,
plo-108,Pink Abstract,pillows,,pillows,,available,ENTER PRICE HERE,Hand-painted,images/plo/plo-108-view-1.jpg,,,Pillow,,,,,Hand-painted,,
plo-22,Roses de Brume,pillows,,,,available,,,images/plo/plo-22-view-1.jpg,,images/plo/plo-23-view-1.jpg|images/plo/plo-25-view-1.jpg,,Blue,,,,,Floral,
