product_id,name,view1,view2
"wear-154","Levi's x Jookh 01","Capture d'écran 2026-06-13 175425.png","Capture d'écran 2026-06-13 175440.png"
"wear-155","Levi's x Jookh 02","Capture d'écran 2026-06-13 175447.png","Capture d'écran 2026-06-13 175453.png"
"wear-156","Levi's x Jookh 03","Capture d'écran 2026-06-13 175507.png","Capture d'écran 2026-06-13 175513.png"
"wear-157","Levi's x Jookh 04","Capture d'écran 2026-06-13 175517.png","Capture d'écran 2026-06-13 175526.png"
"wear-158","Levi's x Jookh 05","Capture d'écran 2026-06-13 175537.png","Capture d'écran 2026-06-13 175544.png"
"wear-159","Levi's x Jookh 06","Capture d'écran 2026-06-13 175551.png","Capture d'écran 2026-06-13 175556.png"
"wear-160","Levi's x Jookh 07","Capture d'écran 2026-06-13 175601.png","Capture d'écran 2026-06-13 175605.png"
"wear-161","Levi's x Jookh 08","Capture d'écran 2026-06-13 175613.png","Capture d'écran 2026-06-13 175619.png"
"wear-162","Levi's x Jookh 09","Capture d'écran 2026-06-13 175624.png","Capture d'écran 2026-06-13 175637.png"
"wear-163","Levi's x Jookh 10","Capture d'écran 2026-06-13 175642.png","Capture d'écran 2026-06-13 175647.png"
"wear-164","Levi's x Jookh 11","Capture d'écran 2026-06-13 175710.png","Capture d'écran 2026-06-13 175715.png"
"wear-165","Levi's x Jookh 12","Capture d'écran 2026-06-13 175721.png","Capture d'écran 2026-06-13 175727.png"
"wear-166","Levi's x Jookh 13","Capture d'écran 2026-06-13 175732.png","Capture d'écran 2026-06-13 175736.png"
"wear-167","Levi's x Jookh 14","Capture d'écran 2026-06-13 175744.png","Capture d'écran 2026-06-13 175749.png"
"wear-168","Levi's x Jookh 15","Capture d'écran 2026-06-13 175753.png","Capture d'écran 2026-06-13 175803.png"
"wear-169","Levi's x Jookh 16","Capture d'écran 2026-06-13 175815.png","Capture d'écran 2026-06-13 175820.png"
"wear-170","Levi's x Jookh 17","Capture d'écran 2026-06-13 175832.png","Capture d'écran 2026-06-13 175839.png"
"wear-171","Levi's x Jookh 18","Capture d'écran 2026-06-13 175848.png","Capture d'écran 2026-06-13 175901.png"
"wear-172","Levi's x Jookh 19","Capture d'écran 2026-06-13 175906.png","Capture d'écran 2026-06-13 175912.png"
"wear-173","Levi's x Jookh 20","Capture d'écran 2026-06-13 175917.png","Capture d'écran 2026-06-13 175923.png"
"wear-174","Levi's x Jookh 21","Capture d'écran 2026-06-13 175935.png","Capture d'écran 2026-06-13 175949.png"
"wear-175","Levi's x Jookh 22","Capture d'écran 2026-06-13 175955.png","Capture d'écran 2026-06-13 180001.png"
"wear-176","Levi's x Jookh 23","Capture d'écran 2026-06-13 180010.png","Capture d'écran 2026-06-13 180015.png"
"wear-177","Levi's x Jookh 24","Capture d'écran 2026-06-13 180024.png","Capture d'écran 2026-06-13 180030.png"
"wear-178","Levi's x Jookh 25","Capture d'écran 2026-06-13 180035.png","Capture d'écran 2026-06-13 180039.png"
"wear-179","Levi's x Jookh 26","Capture d'écran 2026-06-13 180045.png","Capture d'écran 2026-06-13 180050.png"
"wear-180","Levi's x Jookh 27","Capture d'écran 2026-06-13 180059.png","Capture d'écran 2026-06-13 180105.png"
"wear-181","Levi's x Jookh 28","Capture d'écran 2026-06-13 180111.png","Capture d'écran 2026-06-13 180117.png"
"wear-182","Levi's x Jookh 29","Capture d'écran 2026-06-13 180129.png","Capture d'écran 2026-06-13 180134.png"
"wear-183","Levi's x Jookh 30","Capture d'écran 2026-06-13 180139.png","Capture d'écran 2026-06-13 180145.png"
"wear-184","Levi's x Jookh 31","Capture d'écran 2026-06-13 180151.png","Capture d'écran 2026-06-13 180156.png"
"wear-185","Levi's x Jookh 32","Capture d'écran 2026-06-13 180203.png","Capture d'écran 2026-06-13 180208.png"
"wear-186","Levi's x Jookh 33","Capture d'écran 2026-06-13 180214.png","Capture d'écran 2026-06-13 180219.png"
"wear-187","Levi's x Jookh 34","Capture d'écran 2026-06-13 180224.png","Capture d'écran 2026-06-13 180229.png"
"wear-188","Levi's x Jookh 35","Capture d'écran 2026-06-13 180244.png","Capture d'écran 2026-06-13 180249.png"
"wear-189","Levi's x Jookh 36","Capture d'écran 2026-06-13 180309.png","Capture d'écran 2026-06-13 180315.png"
"wear-190","Levi's x Jookh 37","Capture d'écran 2026-06-13 180321.png","Capture d'écran 2026-06-13 180329.png"
"wear-191","Levi's x Jookh 38","Capture d'écran 2026-06-13 180336.png","Capture d'écran 2026-06-13 180341.png"
"wear-192","Levi's x Jookh 39","Capture d'écran 2026-06-13 180350.png","Capture d'écran 2026-06-13 180356.png"
"wear-193","Levi's x Jookh 40","Capture d'écran 2026-06-13 180404.png","Capture d'écran 2026-06-13 180417.png"
"wear-194","Levi's x Jookh 41","Capture d'écran 2026-06-13 180433.png","Capture d'écran 2026-06-13 180439.png"
"wear-195","Levi's x Jookh 42","Capture d'écran 2026-06-13 180447.png","Capture d'écran 2026-06-13 180452.png"
"wear-196","Levi's x Jookh 43","Capture d'écran 2026-06-13 180503.png","Capture d'écran 2026-06-13 180509.png"
"wear-197","Levi's x Jookh 44","Capture d'écran 2026-06-13 180523.png","Capture d'écran 2026-06-13 180529.png"
"wear-198","Levi's x Jookh 45","Capture d'écran 2026-06-13 180535.png","Capture d'écran 2026-06-13 180541.png"
"wear-199","Levi's x Jookh 46","Capture d'écran 2026-06-13 180547.png","Capture d'écran 2026-06-13 180553.png"
"wear-200","Levi's x Jookh 47","Capture d'écran 2026-06-13 180605.png","Capture d'écran 2026-06-13 180610.png"
"wear-201","Levi's x Jookh 48","Capture d'écran 2026-06-13 180620.png","Capture d'écran 2026-06-13 180628.png"
"wear-202","Levi's x Jookh 49","Capture d'écran 2026-06-13 180644.png","Capture d'écran 2026-06-13 180649.png"
"wear-203","Levi's x Jookh 50","Capture d'écran 2026-06-13 180656.png","Capture d'écran 2026-06-13 180702.png"
"wear-204","Levi's x Jookh 51","Capture d'écran 2026-06-13 180707.png","Capture d'écran 2026-06-13 180712.png"
"wear-205","Levi's x Jookh 52","Capture d'écran 2026-06-13 180720.png","Capture d'écran 2026-06-13 180729.png"
"wear-206","Levi's x Jookh 53","Capture d'écran 2026-06-13 180736.png","Capture d'écran 2026-06-13 180742.png"
"wear-207","Levi's x Jookh 54","Capture d'écran 2026-06-13 180750.png","Capture d'écran 2026-06-13 180756.png"
